Merchant,Lot Address,lat,lon
Aaron Murray,"11207 Somerset Ave, Beltsville, MD 20705",39.03857313,-76.90185291
A & G Auto Service,"7406 Westmore Road, Rockville, MD 20850",39.09904169,-77.15342414
Airpark Autobody,"19200 Woodfield Road, Gaithersburg, MD 20879",39.16925576,-77.15436678
AKJ Towing,"55 Derwood Circle, Rockville, MD 20850",39.10350505,-77.15360054
All Towing Service LLC,"15814-C Paramount Drive, Rockville, MD 20855",39.11596162,-77.16263417
A & M Repair and Towing Inc.,"8061 Snouffer School Road, Gaithersburg , MD 20879",39.16122888,-77.16411111
"Auburn Towing, Inc.","375 Derwood Circle, Rockville, MD 20850",39.10576867,-77.15290294
Automotive Support Services,"14618 Old Gunpowder Road, Laurel, MD 20707",39.08866331,-76.91558134
Authorized Towing,"8011 Beechcraft Avenue, Gaithersburg, MD 20879",39.16440218,-77.16376838
Big Tow,"375 Derwood Circle, Rockville, MD 20850",39.10576867,-77.15290294
Diversified Recovery,"12527 Parklawn Drive, Rockville, MD 20695",39.06161684,-77.11744718
Fletcher's Service Center,"18001 Georgia Ave, Olney, MD 20832",39.15122934024572,-77.06631962
"Grace Towing and Recovery, LLC","8001 Beechcraft Avenue, Gaithersburg, MD 20855",39.16429254,-77.16358543
Henry's Wrecker Service,"8321 Beechcraft Avenue, Gaithersburg, MD 20879",39.16795009,-77.16982944
iTow Towing,"3410 Randolph Road, Silver Spring, MD 20902",39.05894996,-77.06771242
K & D Towing,"15101 Southlawn Lane, Rockville, MD 20850",39.10434448,-77.13339592
LL Towing,"19200 Woodfield Rd, Gaithersburg, MD 20879\",39.16925576,-77.15436678
Richard Lofton,"1909 Urbana Pike, Clarksburg, MD 20871",39.28727549,-77.31338558
MEGEX Towing and Recovery,"12410 Milestone Center Drive, Germantown, MD 20876",39.20189753,-77.26088117
Metro Investigation & Recovery Solutions,"8595 Dorsey Run Road, Annapolis Junction, MD 20701",39.13436474,-76.79544822
"Millers's Towing & Recovery, LLC","18625 Mooney Drive, Gaithersburg, MD 20877",39.16257869,-77.16530943
Montrose Towing,"375 Derwood Circle, Rockville, MD 20850",39.10576867,-77.15290294
"Morton's Towing & Recovery, Inc.","16227 Redland Road, Rockville, MD 20855",39.12327173,-77.15610169
N & S Towing,"11207 Somerset Ave, Beltsville, MD 20705",39.03857313,-76.90185291
"Ricky's Towing & Recovery, LLC","15814 Paramount Drive, Rockville, MD 20855",39.11596162,-77.16263417
Scott Simpson Towing,"16783 Oakmont Avenue, Gaithersburg, MD 20877",39.1311728,-77.1748533
Silver Spring Towing and Recovery,"14514 Southlawn Lane, Rockville, MD 20850",39.09413324,-77.14129058
Speedy Towing,"15101 Southlawn Lane, Rockville, MD 20850",39.10434448,-77.13339592
Stronghold Towing,"98 Derwood Circle, Rockville, MD 20875",39.10509431,-77.15431642
Werking Automotive,"19515 Waters Road, Germantown, MD 20874",39.17607003,-77.2730518
Prestige Autow,"13 Fedor Avenue, Gaithersburg, MD 20877",39.12054248,-77.17774825
Prestige Auto Performance LLC (Kensington),"3840-2 Dupont Avenue, Kensington, MD 20895",39.03084402,-77.07641179
Prestige Automotive Solutions,"7511 Rickenbacker Drive, Gaithersburg, MD 20879",39.17252839,-77.15299224
