Merchant,Address,lon,lat
Henry's Wrecker Service,"8321 Beechcraft Avenue, Gaithersburg, MD 20879",-77.16982944,39.16795009
Authorized Towing,"8011 Beechcraft Avenue, Gaithersburg, MD 20879",-77.16376838,39.16440218
Prestige,"13 Fedor Avenue, Gaithersburg, MD 20877",-77.17774825,39.12054248
Speedy Towing,"15101 Southlawn Lane, Rockville, MD 20850",-77.13339592,39.10434448
Big Tow,"375 Derwood Circle, Rockville, MD 20850",-77.15290294,39.10576867
Drive Towing,"14608 Old Gunpowder Rd, Laurel, MD 20707",-76.91564479,39.0885378
"Auburn Towing, Inc.","375 Derwood Circle, Rockville, MD 20850",-77.15290294,39.10576867
"Millers's Towing & Recovery, LLC","18625 Mooney Drive, Gaithersburg, MD 20879",-77.16530943,39.16257869
"Ricky's Towing & Recovery, LLC ","15814 Paramount Drive, Derwood, MD 20855",-77.16263417,39.11596162
EC,"8011 Beechcraft Ave. Gaithersburg, MD 20879",-77.164122,39.164703
